"id","reactor_name","country","type_code","model","status","net_capacity_mwe","construction_start_date","grid_connection_date","commercial_operation_date","shutdown_date"
1,ATUCHA-1,ARGENTINA,PHWR,PHWR KWU,Operational,340,1968-05-01,1974-03-01,1974-06-01,
2,EMBALSE,ARGENTINA,PHWR,CANDU 6,Operational,608,1974-03-01,1983-04-01,1984-01-01,
3,ATUCHA-2,ARGENTINA,PHWR,PHWR KWU,Operational,693,1981-07-01,2014-06-01,2016-05-01,
4,ARMENIAN-2,ARMENIA,PWR,VVER V-270,Operational,416,1975-07-01,1980-01-01,1980-05-01,
5,BELARUSIAN-1,BELARUS,PWR,VVER V-491,Operational,1110,2013-11-01,2020-11-01,2021-06-01,
6,BELARUSIAN-2,BELARUS,PWR,VVER V-491,Operational,1110,2014-04-01,2023-05-01,2023-11-01,
7,DOEL-1,BELGIUM,PWR,WH 2LP,Operational,445,1969-07-01,1974-08-01,1975-02-01,
8,TIHANGE-1,BELGIUM,PWR,Framatome 3 lo,Operational,962,1970-06-01,1975-03-01,1975-10-01,
9,DOEL-2,BELGIUM,PWR,WH 2LP,Operational,445,1971-09-01,1975-08-01,1975-12-01,
10,DOEL-4,BELGIUM,PWR,WH 3LP,Operational,1026,1978-12-01,1985-04-01,1985-07-01,
11,TIHANGE-3,BELGIUM,PWR,WH 3LP,Operational,1030,1978-11-01,1985-06-01,1985-09-01,
12,ANGRA-1,BRAZIL,PWR,WH 2LP,Operational,609,1971-05-01,1982-04-01,1985-01-01,
13,ANGRA-2,BRAZIL,PWR,PRE KONVOI,Operational,1275,1976-01-01,2000-07-01,2001-02-01,
14,KOZLODUY-5,BULGARIA,PWR,VVER V-320,Operational,1003,1980-07-01,1987-11-01,1988-12-01,
15,KOZLODUY-6,BULGARIA,PWR,VVER V-320,Operational,1003,1982-04-01,1991-08-01,1993-12-01,
16,BRUCE-3,CANADA,PHWR,CANDU 750A,Operational,770,1972-07-01,1977-12-01,1978-02-01,
17,BRUCE-4,CANADA,PHWR,CANDU 750A,Operational,807,1972-09-01,1978-12-01,1979-01-01,
18,PICKERING-5,CANADA,PHWR,CANDU 500B,Operational,516,1974-11-01,1982-12-01,1983-05-01,
19,PICKERING-6,CANADA,PHWR,CANDU 500B,Operational,516,1975-10-01,1983-11-01,1984-02-01,
20,PICKERING-7,CANADA,PHWR,CANDU 500B,Operational,516,1976-03-01,1984-11-01,1985-01-01,
21,PICKERING-8,CANADA,PHWR,CANDU 500B,Operational,516,1976-09-01,1986-01-01,1986-02-01,
22,POINT LEPREAU,CANADA,PHWR,CANDU 6,Operational,660,1975-05-01,1982-09-01,1983-02-01,
23,BRUCE-5,CANADA,PHWR,CANDU 750B,Operational,817,1978-05-01,1984-12-01,1985-02-01,
24,BRUCE-6,CANADA,PHWR,CANDU 750B,Operational,817,1978-01-01,1984-06-01,1984-09-01,
25,BRUCE-7,CANADA,PHWR,CANDU 750B,Operational,817,1979-05-01,1986-02-01,1986-04-01,
26,BRUCE-8,CANADA,PHWR,CANDU 750B,Operational,817,1979-07-01,1987-03-01,1987-05-01,
27,DARLINGTON-1,CANADA,PHWR,CANDU 850,Operational,878,1982-04-01,1990-12-01,1992-11-01,
28,DARLINGTON-2,CANADA,PHWR,CANDU 850,Operational,878,1981-09-01,1990-01-01,1990-10-01,
29,DARLINGTON-3,CANADA,PHWR,CANDU 850,Operational,878,1984-09-01,1992-12-01,1993-02-01,
30,DARLINGTON-4,CANADA,PHWR,CANDU 850,Operational,878,1985-07-01,1993-04-01,1993-06-01,
31,PICKERING-1,CANADA,PHWR,CANDU 500A,Operational,515,1966-06-01,1971-04-01,1971-07-01,
32,PICKERING-4,CANADA,PHWR,CANDU 500A,Operational,515,1968-05-01,1973-05-01,1973-06-01,
33,BRUCE-1,CANADA,PHWR,CANDU 791,Operational,811,1971-06-01,1977-01-01,1977-09-01,
34,BRUCE-2,CANADA,PHWR,CANDU 791,Operational,777,1970-12-01,1976-09-01,1977-09-01,
35,QINSHAN-1,CHINA,PWR,CNP-300,Operational,326,1985-03-01,1991-12-01,1994-04-01,
36,TIANWAN-1,CHINA,PWR,VVER V-428,Operational,1000,1999-10-01,2006-05-01,2007-05-01,
37,TIANWAN-2,CHINA,PWR,VVER V-428,Operational,1000,2000-09-01,2007-05-01,2007-08-01,
38,LING AO-3,CHINA,PWR,CPR-1000,Operational,1007,2005-12-01,2010-07-01,2010-09-01,
39,LING AO-4,CHINA,PWR,CPR-1000,Operational,1007,2006-06-01,2011-05-01,2011-08-01,
40,QINSHAN 2-3,CHINA,PWR,CNP-600,Operational,623,2006-04-01,2010-08-01,2010-10-01,
41,QINSHAN 2-4,CHINA,PWR,CNP-600,Operational,623,2007-01-01,2011-11-01,2011-12-01,
42,HONGYANHE-1,CHINA,PWR,CPR-1000,Operational,1061,2007-08-01,2013-02-01,2013-06-01,
43,HONGYANHE-2,CHINA,PWR,CPR-1000,Operational,1061,2008-03-01,2013-11-01,2014-05-01,
44,NINGDE-1,CHINA,PWR,CPR-1000,Operational,1018,2008-02-01,2012-12-01,2013-04-01,
45,NINGDE-2,CHINA,PWR,CPR-1000,Operational,1018,2008-11-01,2014-01-01,2014-05-01,
46,DAYA BAY-1,CHINA,PWR,M310,Operational,944,1987-08-01,1993-08-01,1994-02-01,
47,FUQING-1,CHINA,PWR,CNP-1000,Operational,1000,2008-11-01,2014-08-01,2014-11-01,
48,FUQING-2,CHINA,PWR,CNP-1000,Operational,1000,2009-06-01,2015-08-01,2015-10-01,
49,YANGJIANG-1,CHINA,PWR,CPR-1000,Operational,1000,2008-12-01,2013-12-01,2014-03-01,
50,YANGJIANG-2,CHINA,PWR,CPR-1000,Operational,1000,2009-06-01,2015-03-01,2015-06-01,
51,FANGJIASHAN-1,CHINA,PWR,CPR-1000,Operational,1012,2008-12-01,2014-11-01,2014-12-01,
52,FANGJIASHAN-2,CHINA,PWR,CPR-1000,Operational,1012,2009-07-01,2015-01-01,2015-02-01,
53,HONGYANHE-3,CHINA,PWR,CPR-1000,Operational,1061,2009-03-01,2015-03-01,2015-08-01,
54,HONGYANHE-4,CHINA,PWR,CPR-1000,Operational,1061,2009-08-01,2016-04-01,2016-06-01,
55,SANMEN-1,CHINA,PWR,AP-1000,Operational,1157,2009-04-01,2018-06-01,2018-09-01,
56,SANMEN-2,CHINA,PWR,AP-1000,Operational,1157,2009-12-01,2018-08-01,2018-11-01,
57,DAYA BAY-2,CHINA,PWR,M310,Operational,944,1988-04-01,1994-02-01,1994-05-01,
58,HAIYANG-1,CHINA,PWR,AP-1000,Operational,1170,2009-09-01,2018-08-01,2018-10-01,
59,HAIYANG-2,CHINA,PWR,AP-1000,Operational,1170,2010-06-01,2018-10-01,2019-01-01,
60,TAISHAN-1,CHINA,PWR,EPR-1750,Operational,1660,2009-11-01,2018-06-01,2018-12-01,
61,TAISHAN-2,CHINA,PWR,EPR-1750,Operational,1660,2010-04-01,2019-06-01,2019-09-01,
62,NINGDE-3,CHINA,PWR,CPR-1000,Operational,1018,2010-01-01,2015-03-01,2015-06-01,
63,NINGDE-4,CHINA,PWR,CPR-1000,Operational,1018,2010-09-01,2016-03-01,2016-07-01,
64,CHANGJIANG-1,CHINA,PWR,CNP-600,Operational,601,2010-04-01,2015-11-01,2015-12-01,
65,CHANGJIANG-2,CHINA,PWR,CNP-600,Operational,601,2010-11-01,2016-06-01,2016-08-01,
66,FANGCHENGGANG-1,CHINA,PWR,CPR-1000,Operational,1000,2010-07-01,2015-10-01,2016-01-01,
67,FANGCHENGGANG-2,CHINA,PWR,CPR-1000,Operational,1000,2010-12-01,2016-07-01,2016-10-01,
68,QINSHAN 2-1,CHINA,PWR,CNP-600,Operational,623,1996-06-01,2002-02-01,2002-04-01,
69,YANGJIANG-3,CHINA,PWR,CPR-1000,Operational,1000,2010-11-01,2015-10-01,2016-01-01,
70,YANGJIANG-4,CHINA,PWR,CPR-1000,Operational,1000,2012-11-01,2017-01-01,2017-03-01,
71,FUQING-3,CHINA,PWR,CNP-1000,Operational,1000,2010-12-01,2016-09-01,2016-10-01,
72,FUQING-4,CHINA,PWR,CNP-1000,Operational,1000,2012-11-01,2017-07-01,2017-09-01,
73,SHIDAO BAY-1,CHINA,HTGR,HTR-PM,Operational,150,2012-12-01,2021-12-01,2023-12-01,
74,TIANWAN-3,CHINA,PWR,VVER V-428M,Operational,1060,2012-12-01,2017-12-01,2018-02-01,
75,TIANWAN-4,CHINA,PWR,VVER V-428M,Operational,1060,2013-09-01,2018-10-01,2018-12-01,
76,YANGJIANG-5,CHINA,PWR,ACPR-1000,Operational,1000,2013-09-01,2018-05-01,2018-07-01,
77,YANGJIANG-6,CHINA,PWR,ACPR-1000,Operational,1000,2013-12-01,2019-06-01,2019-07-01,
78,HONGYANHE-5,CHINA,PWR,ACPR-1000,Operational,1061,2015-03-01,2021-06-01,2021-07-01,
79,QINSHAN 2-2,CHINA,PWR,CNP-600,Operational,623,1997-04-01,2004-03-01,2004-05-01,
80,HONGYANHE-6,CHINA,PWR,ACPR-1000,Operational,1061,2015-07-01,2022-05-01,2022-06-01,
81,FUQING-5,CHINA,PWR,HPR1000,Operational,1075,2015-05-01,2020-11-01,2021-01-01,
82,FUQING-6,CHINA,PWR,HPR1000,Operational,1075,2015-12-01,2022-01-01,2022-03-01,
83,TIANWAN-5,CHINA,PWR,CNP-1000,Operational,1060,2015-12-01,2020-08-01,2020-09-01,
84,TIANWAN-6,CHINA,PWR,CNP-1000,Operational,1060,2016-09-01,2021-05-01,2021-06-01,
85,FANGCHENGGANG-3,CHINA,PWR,HPR1000,Operational,1000,2015-12-01,2023-01-01,2023-03-01,
86,LING AO-1,CHINA,PWR,M310,Operational,950,1997-05-01,2002-02-01,2002-05-01,
87,LING AO-2,CHINA,PWR,M310,Operational,950,1997-11-01,2002-09-01,2003-01-01,
88,QINSHAN 3-1,CHINA,PHWR,CANDU 6,Operational,677,1998-06-01,2002-11-01,2002-12-01,
89,QINSHAN 3-2,CHINA,PHWR,CANDU 6,Operational,677,1998-09-01,2003-06-01,2003-07-01,
90,TEMELIN-1,CZECH REP.,PWR,VVER V-320,Operational,1027,1987-02-01,2000-12-01,2002-06-01,
91,TEMELIN-2,CZECH REP.,PWR,VVER V-320,Operational,1029,1987-02-01,2002-12-01,2003-04-01,
92,DUKOVANY-1,CZECH REP.,PWR,VVER V-213,Operational,468,1979-01-01,1985-02-01,1985-05-01,
93,DUKOVANY-2,CZECH REP.,PWR,VVER V-213,Operational,471,1979-01-01,1986-01-01,1986-03-01,
94,DUKOVANY-3,CZECH REP.,PWR,VVER V-213,Operational,468,1979-03-01,1986-11-01,1986-12-01,
95,DUKOVANY-4,CZECH REP.,PWR,VVER V-213,Operational,471,1979-03-01,1987-06-01,1987-07-01,
96,LOVIISA-1,FINLAND,PWR,VVER V-213,Operational,507,1971-05-01,1977-02-01,1977-05-01,
97,LOVIISA-2,FINLAND,PWR,VVER V-213,Operational,507,1972-08-01,1980-11-01,1981-01-01,
98,OLKILUOTO-1,FINLAND,BWR,"AA-III, BWR-25",Operational,890,1974-02-01,1978-09-01,1979-10-01,
99,OLKILUOTO-2,FINLAND,BWR,"AA-III, BWR-25",Operational,890,1975-11-01,1980-02-01,1982-07-01,
100,OLKILUOTO-3,FINLAND,PWR,EPR,Operational,1600,2005-08-01,2022-03-01,2023-05-01,
101,BUGEY-2,FRANCE,PWR,CPO,Operational,910,1972-11-01,1978-05-01,1979-03-01,
102,BUGEY-3,FRANCE,PWR,CPO,Operational,910,1973-09-01,1978-09-01,1979-03-01,
103,BUGEY-4,FRANCE,PWR,CPO,Operational,880,1974-06-01,1979-03-01,1979-07-01,
104,BUGEY-5,FRANCE,PWR,CPO,Operational,880,1974-07-01,1979-07-01,1980-01-01,
105,ST. LAURENT B-1,FRANCE,PWR,CP2,Operational,915,1976-05-01,1981-01-01,1983-08-01,
106,TRICASTIN-1,FRANCE,PWR,CP1,Operational,915,1974-11-01,1980-05-01,1980-12-01,
107,TRICASTIN-2,FRANCE,PWR,CP1,Operational,915,1974-12-01,1980-08-01,1980-12-01,
108,GRAVELINES-1,FRANCE,PWR,CP1,Operational,910,1975-02-01,1980-03-01,1980-11-01,
109,GRAVELINES-2,FRANCE,PWR,CP1,Operational,910,1975-03-01,1980-08-01,1980-12-01,
110,DAMPIERRE-1,FRANCE,PWR,CP1,Operational,890,1975-02-01,1980-03-01,1980-09-01,
111,TRICASTIN-3,FRANCE,PWR,CP1,Operational,915,1975-04-01,1981-02-01,1981-05-01,
112,ST. LAURENT B-2,FRANCE,PWR,CP2,Operational,915,1976-07-01,1981-06-01,1983-08-01,
113,TRICASTIN-4,FRANCE,PWR,CP1,Operational,915,1975-05-01,1981-06-01,1981-11-01,
114,GRAVELINES-3,FRANCE,PWR,CP1,Operational,910,1975-12-01,1980-12-01,1981-06-01,
115,GRAVELINES-4,FRANCE,PWR,CP1,Operational,910,1976-04-01,1981-06-01,1981-10-01,
116,DAMPIERRE-2,FRANCE,PWR,CP1,Operational,890,1975-04-01,1980-12-01,1981-02-01,
117,DAMPIERRE-3,FRANCE,PWR,CP1,Operational,890,1975-09-01,1981-01-01,1981-05-01,
118,DAMPIERRE-4,FRANCE,PWR,CP1,Operational,890,1975-12-01,1981-08-01,1981-11-01,
119,BLAYAIS-1,FRANCE,PWR,CP1,Operational,910,1977-01-01,1981-06-01,1981-12-01,
120,BLAYAIS-2,FRANCE,PWR,CP1,Operational,910,1977-01-01,1982-07-01,1983-02-01,
121,BLAYAIS-3,FRANCE,PWR,CP1,Operational,910,1978-04-01,1983-08-01,1983-11-01,
122,BLAYAIS-4,FRANCE,PWR,CP1,Operational,910,1978-04-01,1983-05-01,1983-10-01,
123,PALUEL-1,FRANCE,PWR,P4 REP 1300,Operational,1330,1977-08-01,1984-06-01,1985-12-01,
124,PALUEL-2,FRANCE,PWR,P4 REP 1300,Operational,1330,1978-01-01,1984-09-01,1985-12-01,
125,PALUEL-3,FRANCE,PWR,P4 REP 1300,Operational,1330,1979-02-01,1985-09-01,1986-02-01,
126,PALUEL-4,FRANCE,PWR,P4 REP 1300,Operational,1330,1980-02-01,1986-04-01,1986-06-01,
127,CHINON B-1,FRANCE,PWR,CP2,Operational,905,1977-03-01,1982-11-01,1984-02-01,
128,CHINON B-2,FRANCE,PWR,CP2,Operational,905,1977-03-01,1983-11-01,1984-08-01,
129,CRUAS-1,FRANCE,PWR,CP2,Operational,915,1978-08-01,1983-04-01,1984-04-01,
130,CRUAS-2,FRANCE,PWR,CP2,Operational,915,1978-11-01,1984-09-01,1985-04-01,
131,CRUAS-3,FRANCE,PWR,CP2,Operational,915,1979-04-01,1984-05-01,1984-09-01,
132,CRUAS-4,FRANCE,PWR,CP2,Operational,915,1979-10-01,1984-10-01,1985-02-01,
133,FLAMANVILLE-1,FRANCE,PWR,P4 REP 1300,Operational,1330,1979-12-01,1985-12-01,1986-12-01,
134,FLAMANVILLE-2,FRANCE,PWR,P4 REP 1300,Operational,1330,1980-05-01,1986-07-01,1987-03-01,
135,ST. ALBAN-1,FRANCE,PWR,P4 REP 1300,Operational,1335,1979-01-01,1985-08-01,1986-05-01,
136,ST. ALBAN-2,FRANCE,PWR,P4 REP 1300,Operational,1335,1979-07-01,1986-07-01,1987-03-01,
137,CATTENOM-1,FRANCE,PWR,P4 REP 1300,Operational,1300,1979-10-01,1986-11-01,1987-04-01,
138,GRAVELINES-5,FRANCE,PWR,CP1,Operational,910,1979-10-01,1984-08-01,1985-01-01,
139,GRAVELINES-6,FRANCE,PWR,CP1,Operational,910,1979-10-01,1985-08-01,1985-10-01,
140,CATTENOM-2,FRANCE,PWR,P4 REP 1300,Operational,1300,1980-07-01,1987-09-01,1988-02-01,
141,BELLEVILLE-1,FRANCE,PWR,P4 REP 1300,Operational,1310,1980-05-01,1987-10-01,1988-06-01,
142,BELLEVILLE-2,FRANCE,PWR,P4 REP 1300,Operational,1310,1980-08-01,1988-07-01,1989-01-01,
143,CHINON B-3,FRANCE,PWR,CP2,Operational,905,1980-10-01,1986-10-01,1987-03-01,
144,CHINON B-4,FRANCE,PWR,CP2,Operational,905,1981-02-01,1987-11-01,1988-04-01,
145,NOGENT-1,FRANCE,PWR,P4 REP 1300,Operational,1310,1981-05-01,1987-10-01,1988-02-01,
146,NOGENT-2,FRANCE,PWR,P4 REP 1300,Operational,1310,1982-01-01,1988-12-01,1989-05-01,
147,CATTENOM-3,FRANCE,PWR,P4 REP 1300,Operational,1300,1982-06-01,1990-07-01,1991-02-01,
148,GOLFECH-1,FRANCE,PWR,P4 REP 1300,Operational,1310,1982-11-01,1990-06-01,1991-02-01,
149,CHOOZ B-1,FRANCE,PWR,N4 REP 1450,Operational,1500,1984-01-01,1996-08-01,2000-05-01,
150,PENLY-1,FRANCE,PWR,P4 REP 1300,Operational,1330,1982-09-01,1990-05-01,1990-12-01,
151,PENLY-2,FRANCE,PWR,P4 REP 1300,Operational,1330,1984-08-01,1992-02-01,1992-11-01,
152,CATTENOM-4,FRANCE,PWR,P4 REP 1300,Operational,1300,1983-09-01,1991-05-01,1992-01-01,
153,GOLFECH-2,FRANCE,PWR,P4 REP 1300,Operational,1310,1984-10-01,1993-06-01,1994-03-01,
154,CHOOZ B-2,FRANCE,PWR,N4 REP 1450,Operational,1500,1985-12-01,1997-04-01,2000-09-01,
155,CIVAUX-1,FRANCE,PWR,N4 REP 1450,Operational,1495,1988-10-01,1997-12-01,2002-01-01,
156,CIVAUX-2,FRANCE,PWR,N4 REP 1450,Operational,1495,1991-04-01,1999-12-01,2002-04-01,
157,PAKS-1,HUNGARY,PWR,VVER V-213,Operational,479,1974-08-01,1982-12-01,1983-08-01,
158,PAKS-2,HUNGARY,PWR,VVER V-213,Operational,479,1974-08-01,1984-09-01,1984-11-01,
159,PAKS-3,HUNGARY,PWR,VVER V-213,Operational,479,1979-10-01,1986-09-01,1986-12-01,
160,PAKS-4,HUNGARY,PWR,VVER V-213,Operational,479,1979-10-01,1987-08-01,1987-11-01,
161,KAKRAPAR-2,INDIA,PHWR,Horizontal Pre,Operational,202,1985-04-01,1995-03-01,1995-09-01,
162,RAJASTHAN-3,INDIA,PHWR,Horizontal Pre,Operational,202,1990-02-01,2000-03-01,2000-06-01,
163,RAJASTHAN-4,INDIA,PHWR,Horizontal Pre,Operational,202,1990-10-01,2000-11-01,2000-12-01,
164,KAIGA-1,INDIA,PHWR,Horizontal Pre,Operational,202,1989-09-01,2000-10-01,2000-11-01,
165,KAIGA-2,INDIA,PHWR,Horizontal Pre,Operational,202,1989-12-01,1999-12-01,2000-03-01,
166,KAIGA-3,INDIA,PHWR,Horizontal Pre,Operational,202,2002-03-01,2007-04-01,2007-05-01,
167,KAIGA-4,INDIA,PHWR,Horizontal Pre,Operational,202,2002-05-01,2011-01-01,2011-01-01,
168,RAJASTHAN-5,INDIA,PHWR,Horizontal Pre,Operational,202,2002-09-01,2009-12-01,2010-02-01,
169,RAJASTHAN-6,INDIA,PHWR,Horizontal Pre,Operational,202,2003-01-01,2010-03-01,2010-03-01,
170,TARAPUR-3,INDIA,PHWR,Horizontal Pre,Operational,490,2000-05-01,2006-06-01,2006-08-01,
171,TARAPUR-4,INDIA,PHWR,Horizontal Pre,Operational,490,2000-03-01,2005-06-01,2005-09-01,
172,KUDANKULAM-1,INDIA,PWR,VVER V-412,Operational,932,2002-03-01,2013-10-01,2014-12-01,
173,KUDANKULAM-2,INDIA,PWR,VVER V-412,Operational,932,2002-07-01,2016-08-01,2017-03-01,
174,KAKRAPAR-3,INDIA,PHWR,PHWR-700,Operational,630,2010-11-01,2021-01-01,2023-06-01,
175,RAJASTHAN-2,INDIA,PHWR,Horizontal Pre,Operational,187,1968-04-01,1980-11-01,1981-04-01,
176,MADRAS-2,INDIA,PHWR,Horizontal Pre,Operational,205,1972-10-01,1985-09-01,1986-03-01,
177,NARORA-1,INDIA,PHWR,Horizontal Pre,Operational,202,1976-12-01,1989-07-01,1991-01-01,
178,NARORA-2,INDIA,PHWR,Horizontal Pre,Operational,202,1977-11-01,1992-01-01,1992-07-01,
179,KAKRAPAR-1,INDIA,PHWR,Horizontal Pre,Operational,202,1984-12-01,1992-11-01,1993-05-01,
180,BUSHEHR-1,"IRAN, ISL. REP.",PWR,VVER V-446,Operational,915,1975-05-01,2011-09-01,2013-09-01,
181,TAKAHAMA-2,JAPAN,PWR,M (3-loop),Operational,780,1971-03-01,1975-01-01,1975-11-01,
182,MIHAMA-3,JAPAN,PWR,M (3-loop),Operational,780,1972-08-01,1976-02-01,1976-12-01,
183,SENDAI-1,JAPAN,PWR,M (3-loop),Operational,846,1979-12-01,1983-09-01,1984-07-01,
184,TAKAHAMA-3,JAPAN,PWR,M (3-loop),Operational,830,1980-12-01,1984-05-01,1985-01-01,
185,TAKAHAMA-4,JAPAN,PWR,M (3-loop),Operational,830,1981-03-01,1984-11-01,1985-06-01,
186,SENDAI-2,JAPAN,PWR,M (3-loop),Operational,846,1981-10-01,1985-04-01,1985-11-01,
187,GENKAI-3,JAPAN,PWR,M (4-loop),Operational,1127,1988-06-01,1993-06-01,1994-03-01,
188,GENKAI-4,JAPAN,PWR,M (4-loop),Operational,1127,1992-07-01,1996-11-01,1997-07-01,
189,IKATA-3,JAPAN,PWR,M (3-loop),Operational,846,1990-10-01,1994-03-01,1994-12-01,
190,OHI-3,JAPAN,PWR,M (4-loop),Operational,1127,1987-10-01,1991-06-01,1991-12-01,
191,OHI-4,JAPAN,PWR,M (4-loop),Operational,1127,1988-06-01,1992-06-01,1993-02-01,
192,TAKAHAMA-1,JAPAN,PWR,M (3-loop),Operational,780,1970-04-01,1974-03-01,1974-11-01,
193,KORI-2,"KOREA, REP. OF",PWR,WH F,Operational,640,1977-12-01,1983-04-01,1983-07-01,
194,HANUL-2,"KOREA, REP. OF",PWR,France CPI,Operational,967,1983-07-01,1989-04-01,1989-09-01,
195,HANBIT-3,"KOREA, REP. OF",PWR,OPR-1000,Operational,986,1989-12-01,1994-10-01,1995-03-01,
196,HANBIT-4,"KOREA, REP. OF",PWR,OPR-1000,Operational,970,1990-05-01,1995-07-01,1996-01-01,
197,HANUL-3,"KOREA, REP. OF",PWR,OPR-1000,Operational,997,1993-07-01,1998-01-01,1998-08-01,
198,HANUL-4,"KOREA, REP. OF",PWR,OPR-1000,Operational,999,1993-11-01,1998-12-01,1999-12-01,
199,WOLSONG-3,"KOREA, REP. OF",PHWR,CANDU 6,Operational,601,1994-03-01,1998-03-01,1998-07-01,
200,WOLSONG-4,"KOREA, REP. OF",PHWR,CANDU 6,Operational,567,1994-07-01,1999-05-01,1999-10-01,
201,HANBIT-5,"KOREA, REP. OF",PWR,OPR-1000,Operational,992,1997-06-01,2001-12-01,2002-05-01,
202,HANBIT-6,"KOREA, REP. OF",PWR,OPR-1000,Operational,993,1997-11-01,2002-09-01,2002-12-01,
203,HANUL-5,"KOREA, REP. OF",PWR,OPR-1000,Operational,998,1999-10-01,2003-12-01,2004-07-01,
204,HANUL-6,"KOREA, REP. OF",PWR,OPR-1000,Operational,997,2000-09-01,2005-01-01,2005-04-01,
205,SHIN-KORI-1,"KOREA, REP. OF",PWR,OPR-1000,Operational,996,2006-06-01,2010-08-01,2011-02-01,
206,SHIN-KORI-2,"KOREA, REP. OF",PWR,OPR-1000,Operational,996,2007-06-01,2012-01-01,2012-07-01,
207,SHIN-WOLSONG-1,"KOREA, REP. OF",PWR,OPR-1000,Operational,997,2007-11-01,2012-01-01,2012-07-01,
208,SHIN-WOLSONG-2,"KOREA, REP. OF",PWR,OPR-1000,Operational,993,2008-09-01,2015-02-01,2015-07-01,
209,SAEUL-1,"KOREA, REP. OF",PWR,APR-1400,Operational,1416,2008-10-01,2016-01-01,2016-12-01,
210,SAEUL-2,"KOREA, REP. OF",PWR,APR-1400,Operational,1418,2009-08-01,2019-04-01,2019-08-01,
211,SHIN-HANUL-1,"KOREA, REP. OF",PWR,APR-1400,Operational,1414,2012-07-01,2022-06-01,2022-12-01,
212,SHIN-HANUL-2,"KOREA, REP. OF",PWR,APR-1400,Operational,1340,2013-06-01,2023-12-01,2024-04-01,
213,WOLSONG-2,"KOREA, REP. OF",PHWR,CANDU 6,Operational,576,1992-09-01,1997-04-01,1997-07-01,
214,KORI-3,"KOREA, REP. OF",PWR,WH F,Operational,1011,1979-10-01,1985-01-01,1985-09-01,
215,KORI-4,"KOREA, REP. OF",PWR,WH F,Operational,1012,1980-04-01,1985-12-01,1986-04-01,
216,HANBIT-1,"KOREA, REP. OF",PWR,WH F,Operational,995,1981-06-01,1986-03-01,1986-08-01,
217,HANBIT-2,"KOREA, REP. OF",PWR,WH F,Operational,988,1981-12-01,1986-11-01,1987-06-01,
218,HANUL-1,"KOREA, REP. OF",PWR,France CPI,Operational,966,1983-01-01,1988-04-01,1988-09-01,
219,LAGUNA VERDE-1,MEXICO,BWR,BWR-5,Operational,777,1976-09-01,1989-04-01,1990-07-01,
220,LAGUNA VERDE-2,MEXICO,BWR,BWR-5,Operational,775,1977-06-01,1994-11-01,1995-04-01,
221,BORSSELE,NETHERLANDS,PWR,KWU 2LP,Operational,482,1969-07-01,1973-07-01,1973-10-01,
222,CHASNUPP-1,PAKISTAN,PWR,CNP-300,Operational,300,1993-08-01,2000-06-01,2000-09-01,
223,CHASNUPP-2,PAKISTAN,PWR,CNP-300,Operational,300,2005-12-01,2011-03-01,2011-05-01,
224,CHASNUPP-3,PAKISTAN,PWR,CNP-300,Operational,315,2011-05-01,2016-10-01,2016-12-01,
225,CHASNUPP-4,PAKISTAN,PWR,CNP-300,Operational,313,2011-12-01,2017-06-01,2017-09-01,
226,KANUPP-2,PAKISTAN,PWR,ACP-1000,Operational,1017,2015-08-01,2021-03-01,2021-05-01,
227,KANUPP-3,PAKISTAN,PWR,ACP-1000,Operational,1017,2016-05-01,2022-03-01,2022-04-01,
228,CERNAVODA-1,ROMANIA,PHWR,CANDU 6,Operational,650,1983-03-01,1996-07-01,1996-12-01,
229,CERNAVODA-2,ROMANIA,PHWR,CANDU 6,Operational,650,1983-07-01,2007-08-01,2007-11-01,
230,NOVOVORONEZH-4,RUSSIA,PWR,VVER V-179,Operational,385,1967-07-01,1972-12-01,1973-03-01,
231,BELOYARSK-4,RUSSIA,FBR,BN-800,Operational,820,2006-07-01,2015-12-01,2016-10-01,
232,KOLA-1,RUSSIA,PWR,VVER V-230,Operational,411,1970-05-01,1973-06-01,1973-12-01,
233,KOLA-2,RUSSIA,PWR,VVER V-230,Operational,411,1970-05-01,1974-12-01,1975-02-01,
234,BILIBINO-2,RUSSIA,LWGR,EGP-6,Operational,11,1970-01-01,1974-12-01,1975-02-01,
235,BILIBINO-3,RUSSIA,LWGR,EGP-6,Operational,11,1970-01-01,1975-12-01,1976-02-01,
236,BILIBINO-4,RUSSIA,LWGR,EGP-6,Operational,11,1970-01-01,1976-12-01,1977-01-01,
237,AKADEMIK LOMONOSOV-1,RUSSIA,PWR,KLT-40S,Operational,32,2007-04-01,2019-12-01,2020-05-01,
238,AKADEMIK LOMONOSOV-2,RUSSIA,PWR,KLT-40S,Operational,32,2007-04-01,2019-12-01,2020-05-01,
239,NOVOVORONEZH 2-1,RUSSIA,PWR,VVER V-392M,Operational,1100,2008-06-01,2016-08-01,2017-02-01,
240,NOVOVORONEZH 2-2,RUSSIA,PWR,VVER V-392M,Operational,1101,2009-07-01,2019-05-01,2019-10-01,
241,LENINGRAD 2-1,RUSSIA,PWR,VVER V-491,Operational,1101,2008-10-01,2018-03-01,2018-10-01,
242,LENINGRAD 2-2,RUSSIA,PWR,VVER V-491,Operational,1101,2010-04-01,2020-10-01,2021-03-01,
243,NOVOVORONEZH-5,RUSSIA,PWR,VVER V-187,Operational,950,1974-03-01,1980-05-01,1981-02-01,
244,BELOYARSK-3,RUSSIA,FBR,BN-600,Operational,560,1969-01-01,1980-04-01,1981-11-01,
245,KURSK-2,RUSSIA,LWGR,RBMK-1000,Operational,925,1973-01-01,1979-01-01,1979-08-01,
246,SMOLENSK-1,RUSSIA,LWGR,RBMK-1000,Operational,925,1975-10-01,1982-12-01,1983-09-01,
247,SMOLENSK-2,RUSSIA,LWGR,RBMK-1000,Operational,925,1976-06-01,1985-05-01,1985-07-01,
248,KALININ-1,RUSSIA,PWR,VVER V-338,Operational,950,1977-02-01,1984-05-01,1985-06-01,
249,KOLA-3,RUSSIA,PWR,VVER V-213,Operational,411,1977-04-01,1981-03-01,1982-12-01,
250,KALININ-2,RUSSIA,PWR,VVER V-338,Operational,950,1982-02-01,1986-12-01,1987-03-01,
251,KOLA-4,RUSSIA,PWR,VVER V-213,Operational,411,1976-08-01,1984-10-01,1984-12-01,
252,LENINGRAD-3,RUSSIA,LWGR,RBMK-1000,Operational,925,1973-12-01,1979-12-01,1980-06-01,
253,LENINGRAD-4,RUSSIA,LWGR,RBMK-1000,Operational,925,1975-02-01,1981-02-01,1981-08-01,
254,KALININ-3,RUSSIA,PWR,VVER V-320,Operational,950,1985-10-01,2004-12-01,2005-11-01,
255,KALININ-4,RUSSIA,PWR,VVER V-320,Operational,950,1986-08-01,2011-11-01,2012-12-01,
256,KURSK-3,RUSSIA,LWGR,RBMK-1000,Operational,925,1978-04-01,1983-10-01,1984-03-01,
257,KURSK-4,RUSSIA,LWGR,RBMK-1000,Operational,925,1981-05-01,1985-12-01,1986-02-01,
258,ROSTOV-1,RUSSIA,PWR,VVER V-320,Operational,989,1981-09-01,2001-03-01,2001-12-01,
259,ROSTOV-2,RUSSIA,PWR,VVER V-320,Operational,950,1983-05-01,2010-03-01,2010-12-01,
260,ROSTOV-3,RUSSIA,PWR,VVER V-320,Operational,950,2009-09-01,2014-12-01,2015-09-01,
261,ROSTOV-4,RUSSIA,PWR,VVER V-320,Operational,979,2010-06-01,2018-02-01,2018-09-01,
262,SMOLENSK-3,RUSSIA,LWGR,RBMK-1000,Operational,925,1984-05-01,1990-01-01,1990-10-01,
263,BALAKOVO-1,RUSSIA,PWR,VVER V-320,Operational,950,1980-12-01,1985-12-01,1986-05-01,
264,BALAKOVO-2,RUSSIA,PWR,VVER V-320,Operational,950,1981-08-01,1987-10-01,1988-01-01,
265,BALAKOVO-3,RUSSIA,PWR,VVER V-320,Operational,950,1982-11-01,1988-12-01,1989-04-01,
266,BALAKOVO-4,RUSSIA,PWR,VVER V-320,Operational,950,1984-04-01,1993-04-01,1993-12-01,
267,MOCHOVCE-3,SLOVAKIA,PWR,VVER V-213,Operational,440,1987-01-01,2023-01-01,,
268,BOHUNICE-3,SLOVAKIA,PWR,VVER V-213,Operational,466,1976-12-01,1984-08-01,1985-02-01,
269,BOHUNICE-4,SLOVAKIA,PWR,VVER V-213,Operational,466,1976-12-01,1985-08-01,1985-12-01,
270,MOCHOVCE-1,SLOVAKIA,PWR,VVER V-213,Operational,467,1983-10-01,1998-07-01,1998-10-01,
271,MOCHOVCE-2,SLOVAKIA,PWR,VVER V-213,Operational,469,1983-10-01,1999-12-01,2000-04-01,
272,KRSKO,SLOVENIA,PWR,WH 2LP,Operational,688,1975-03-01,1981-10-01,1983-01-01,
273,KOEBERG-1,SOUTH AFRICA,PWR,CP1,Operational,924,1976-07-01,1984-04-01,1984-07-01,
274,KOEBERG-2,SOUTH AFRICA,PWR,CP1,Operational,930,1976-07-01,1985-07-01,1985-11-01,
275,COFRENTES,SPAIN,BWR,BWR-6,Operational,1064,1975-09-01,1984-10-01,1985-03-01,
276,TRILLO-1,SPAIN,PWR,PWR 3 loops,Operational,1003,1979-08-01,1988-05-01,1988-08-01,
277,VANDELLOS-2,SPAIN,PWR,WH 3LP,Operational,1047,1980-12-01,1987-12-01,1988-03-01,
278,ALMARAZ-1,SPAIN,PWR,WH 3LP,Operational,1011,1973-07-01,1981-05-01,1983-09-01,
279,ALMARAZ-2,SPAIN,PWR,WH 3LP,Operational,1006,1973-07-01,1983-10-01,1984-07-01,
280,ASCO-1,SPAIN,PWR,WH 3LP,Operational,995,1974-05-01,1983-08-01,1984-12-01,
281,ASCO-2,SPAIN,PWR,WH 3LP,Operational,997,1975-03-01,1985-10-01,1986-03-01,
282,RINGHALS-4,SWEDEN,PWR,WH 3LP,Operational,1130,1973-11-01,1982-06-01,1983-11-01,
283,FORSMARK-2,SWEDEN,BWR,"AA-III, BWR-25",Operational,1121,1975-01-01,1981-01-01,1981-07-01,
284,OSKARSHAMN-3,SWEDEN,BWR,"AA-IV, BWR-300",Operational,1400,1980-05-01,1985-03-01,1985-08-01,
285,FORSMARK-3,SWEDEN,BWR,"AA-IV, BWR-300",Operational,1172,1979-01-01,1985-03-01,1985-08-01,
286,RINGHALS-3,SWEDEN,PWR,WH 3LP,Operational,1081,1972-09-01,1980-09-01,1981-09-01,
287,FORSMARK-1,SWEDEN,BWR,"AA-III, BWR-25",Operational,1040,1973-06-01,1980-06-01,1980-12-01,
288,BEZNAU-1,SWITZERLAND,PWR,WH 2LP,Operational,365,1965-09-01,1969-07-01,1969-12-01,
289,BEZNAU-2,SWITZERLAND,PWR,WH 2LP,Operational,365,1968-01-01,1971-10-01,1972-03-01,
290,GOESGEN,SWITZERLAND,PWR,PWR 3 Loop,Operational,1010,1973-12-01,1979-02-01,1979-11-01,
291,LEIBSTADT,SWITZERLAND,BWR,BWR-6,Operational,1233,1974-01-01,1984-05-01,1984-12-01,
292,BARAKAH-1,UAE,PWR,APR-1400,Operational,1337,2012-07-01,2020-08-01,2021-04-01,
293,BARAKAH-2,UAE,PWR,APR-1400,Operational,1337,2013-04-01,2021-09-01,2022-03-01,
294,BARAKAH-3,UAE,PWR,APR-1400,Operational,1337,2014-09-01,2022-10-01,2023-02-01,
295,HARTLEPOOL A-1,UK,GCR,AGR,Operational,590,1968-10-01,1983-08-01,1989-04-01,
296,HARTLEPOOL A-2,UK,GCR,AGR,Operational,595,1968-10-01,1984-10-01,1989-04-01,
297,HEYSHAM A-1,UK,GCR,AGR,Operational,485,1970-12-01,1983-07-01,1989-04-01,
298,HEYSHAM A-2,UK,GCR,AGR,Operational,575,1970-12-01,1984-10-01,1989-04-01,
299,HEYSHAM B-1,UK,GCR,AGR,Operational,620,1980-08-01,1988-07-01,1989-04-01,
300,HEYSHAM B-2,UK,GCR,AGR,Operational,620,1980-08-01,1988-11-01,1989-04-01,
301,TORNESS-1,UK,GCR,AGR,Operational,595,1980-08-01,1988-05-01,1988-05-01,
302,TORNESS-2,UK,GCR,AGR,Operational,605,1980-08-01,1989-02-01,1989-02-01,
303,SIZEWELL B,UK,PWR,SNUPPS,Operational,1198,1988-07-01,1995-02-01,1995-09-01,
304,ZAPOROZHYE-5,UKRAINE,PWR,VVER V-320,Operational,950,1985-11-01,1989-08-01,1989-10-01,
305,ZAPOROZHYE-6,UKRAINE,PWR,VVER V-320,Operational,950,1986-06-01,1995-10-01,1996-09-01,
306,RIVNE-1,UKRAINE,PWR,VVER V-213,Operational,381,1973-08-01,1980-12-01,1981-09-01,
307,RIVNE-2,UKRAINE,PWR,VVER V-213,Operational,376,1973-10-01,1981-12-01,1982-07-01,
308,RIVNE-3,UKRAINE,PWR,VVER V-320,Operational,950,1980-02-01,1986-12-01,1987-05-01,
309,KHMELNITSKI-1,UKRAINE,PWR,VVER V-320,Operational,950,1981-11-01,1987-12-01,1988-08-01,
310,KHMELNITSKI-2,UKRAINE,PWR,VVER V-320,Operational,950,1985-02-01,2004-08-01,2005-12-01,
311,SOUTH UKRAINE-1,UKRAINE,PWR,VVER V-302,Operational,950,1976-08-01,1982-12-01,1983-12-01,
312,SOUTH UKRAINE-2,UKRAINE,PWR,VVER V-338,Operational,950,1981-07-01,1985-01-01,1985-04-01,
313,SOUTH UKRAINE-3,UKRAINE,PWR,VVER V-320,Operational,950,1984-11-01,1989-09-01,1989-12-01,
314,ZAPOROZHYE-1,UKRAINE,PWR,VVER V-320,Operational,950,1980-04-01,1984-12-01,1985-12-01,
315,ZAPOROZHYE-2,UKRAINE,PWR,VVER V-320,Operational,950,1981-01-01,1985-07-01,1986-02-01,
316,RIVNE-4,UKRAINE,PWR,VVER V-320,Operational,950,1986-08-01,2004-10-01,2006-04-01,
317,ZAPOROZHYE-3,UKRAINE,PWR,VVER V-320,Operational,950,1982-04-01,1986-12-01,1987-03-01,
318,ZAPOROZHYE-4,UKRAINE,PWR,VVER V-320,Operational,950,1983-04-01,1987-12-01,1988-04-01,
319,NINE MILE POINT-1,USA,BWR,BWR-2,Operational,613,1965-04-01,1969-11-01,1969-12-01,
320,GINNA,USA,PWR,WH 2LP,Operational,560,1966-04-01,1969-12-01,1970-07-01,
321,DRESDEN-2,USA,BWR,BWR-3,Operational,894,1966-01-01,1970-04-01,1970-06-01,
322,DRESDEN-3,USA,BWR,BWR-3,Operational,879,1966-10-01,1971-07-01,1971-11-01,
323,TURKEY POINT-3,USA,PWR,WH 3LP,Operational,837,1967-04-01,1972-11-01,1972-12-01,
324,TURKEY POINT-4,USA,PWR,WH 3LP,Operational,821,1967-04-01,1973-06-01,1973-09-01,
325,QUAD CITIES-1,USA,BWR,BWR-3,Operational,908,1967-02-01,1972-04-01,1973-02-01,
326,BROWNS FERRY-1,USA,BWR,BWR-4,Operational,1200,1967-05-01,1973-10-01,1974-12-01,
327,BROWNS FERRY-2,USA,BWR,BWR-4,Operational,1200,1967-05-01,1974-08-01,1975-03-01,
328,ROBINSON-2,USA,PWR,WH 3LP,Operational,741,1967-04-01,1970-09-01,1971-03-01,
329,MONTICELLO,USA,BWR,BWR-3,Operational,628,1967-06-01,1971-03-01,1971-06-01,
330,QUAD CITIES-2,USA,BWR,BWR-3,Operational,911,1967-02-01,1972-05-01,1973-03-01,
331,POINT BEACH-1,USA,PWR,WH 2LP,Operational,591,1967-07-01,1970-11-01,1970-12-01,
332,OCONEE-1,USA,PWR,B&W LLP,Operational,847,1967-11-01,1973-05-01,1973-07-01,
333,OCONEE-2,USA,PWR,B&W LLP,Operational,848,1967-11-01,1973-12-01,1974-09-01,
334,SALEM-1,USA,PWR,WH 4LP,Operational,1169,1968-09-01,1976-12-01,1977-06-01,
335,DIABLO CANYON-1,USA,PWR,WH 4LP,Operational,1138,1968-04-01,1984-11-01,1985-05-01,
336,PEACH BOTTOM-2,USA,BWR,BWR-4,Operational,1300,1968-01-01,1974-02-01,1974-07-01,
337,PEACH BOTTOM-3,USA,BWR,BWR-4,Operational,1331,1968-01-01,1974-09-01,1974-12-01,
338,SURRY-1,USA,PWR,WH 3LP,Operational,838,1968-06-01,1972-07-01,1972-12-01,
339,SURRY-2,USA,PWR,WH 3LP,Operational,838,1968-06-01,1973-03-01,1973-05-01,
340,PRAIRIE ISLAND-1,USA,PWR,WH 2LP,Operational,522,1968-06-01,1973-12-01,1973-12-01,
341,OCONEE-3,USA,PWR,B&W LLP,Operational,859,1967-11-01,1974-09-01,1974-12-01,
342,BROWNS FERRY-3,USA,BWR,BWR-4,Operational,1210,1968-07-01,1976-09-01,1977-03-01,
343,COOPER,USA,BWR,BWR-4,Operational,769,1968-06-01,1974-05-01,1974-07-01,
344,POINT BEACH-2,USA,PWR,WH 2LP,Operational,591,1968-07-01,1972-08-01,1972-10-01,
345,PRAIRIE ISLAND-2,USA,PWR,WH 2LP,Operational,519,1969-06-01,1974-12-01,1974-12-01,
346,SALEM-2,USA,PWR,WH 4LP,Operational,1158,1968-09-01,1981-06-01,1981-10-01,
347,ANO-1,USA,PWR,B&W LLP,Operational,836,1968-10-01,1974-08-01,1974-12-01,
348,COOK-1,USA,PWR,WH 4LP,Operational,1030,1969-03-01,1975-02-01,1975-08-01,
349,COOK-2,USA,PWR,WH 4LP,Operational,1168,1969-03-01,1978-03-01,1978-07-01,
350,CALVERT CLIFFS-1,USA,PWR,CE 2LP,Operational,877,1968-06-01,1975-01-01,1975-05-01,
351,CALVERT CLIFFS-2,USA,PWR,CE 2LP,Operational,855,1968-06-01,1976-12-01,1977-04-01,
352,HATCH-1,USA,BWR,BWR-4,Operational,876,1968-09-01,1974-11-01,1975-12-01,
353,DIABLO CANYON-2,USA,PWR,WH 4LP,Operational,1118,1970-12-01,1985-10-01,1986-03-01,
354,BRUNSWICK-2,USA,BWR,BWR-4,Operational,932,1970-02-01,1975-04-01,1975-11-01,
355,BRUNSWICK-1,USA,BWR,BWR-4,Operational,938,1970-02-01,1976-12-01,1977-03-01,
356,SEQUOYAH-1,USA,PWR,WH 4LP,Operational,1152,1970-05-01,1980-07-01,1981-07-01,
357,SEQUOYAH-2,USA,PWR,WH 4LP,Operational,1139,1970-05-01,1981-12-01,1982-06-01,
358,FITZPATRICK,USA,BWR,BWR-4,Operational,813,1968-09-01,1975-02-01,1975-07-01,
359,BEAVER VALLEY-1,USA,PWR,WH 3LP,Operational,908,1970-06-01,1976-06-01,1976-10-01,
360,ST. LUCIE-1,USA,PWR,CE 2LP,Operational,981,1970-07-01,1976-05-01,1976-12-01,
361,MILLSTONE-2,USA,PWR,CE 2LP,Operational,869,1969-11-01,1975-11-01,1975-12-01,
362,NORTH ANNA-1,USA,PWR,WH 3LP,Operational,948,1971-02-01,1978-04-01,1978-06-01,
363,NORTH ANNA-2,USA,PWR,WH 3LP,Operational,944,1971-02-01,1980-08-01,1980-12-01,
364,FERMI-2,USA,BWR,BWR-4,Operational,1115,1972-09-01,1986-09-01,1988-01-01,
365,DAVIS BESSE-1,USA,PWR,B&W RLP,Operational,894,1970-09-01,1977-08-01,1978-07-01,
366,FARLEY-1,USA,PWR,WH 3LP,Operational,874,1970-10-01,1977-08-01,1977-12-01,
367,LIMERICK-1,USA,BWR,BWR-4,Operational,1134,1974-06-01,1985-04-01,1986-02-01,
368,LIMERICK-2,USA,BWR,BWR-4,Operational,1134,1974-06-01,1989-09-01,1990-01-01,
369,HOPE CREEK-1,USA,BWR,BWR-4,Operational,1172,1976-03-01,1986-08-01,1986-12-01,
370,FARLEY-2,USA,PWR,WH 3LP,Operational,883,1970-10-01,1981-05-01,1981-07-01,
371,HATCH-2,USA,BWR,BWR-4,Operational,883,1972-02-01,1978-09-01,1979-09-01,
372,ANO-2,USA,PWR,CE 2LP,Operational,988,1968-12-01,1978-12-01,1980-03-01,
373,MCGUIRE-1,USA,PWR,WH 4LP,Operational,1158,1971-04-01,1981-09-01,1981-12-01,
374,MCGUIRE-2,USA,PWR,WH 4LP,Operational,1158,1971-04-01,1983-05-01,1984-03-01,
375,LASALLE-1,USA,BWR,BWR-5,Operational,1137,1973-09-01,1982-09-01,1984-01-01,
376,LASALLE-2,USA,BWR,BWR-5,Operational,1140,1973-09-01,1984-04-01,1984-10-01,
377,WATERFORD-3,USA,PWR,CE 2LP,Operational,1168,1974-11-01,1985-03-01,1985-09-01,
378,SUSQUEHANNA-1,USA,BWR,BWR-4,Operational,1257,1973-11-01,1982-11-01,1983-06-01,
379,SUSQUEHANNA-2,USA,BWR,BWR-4,Operational,1257,1973-11-01,1984-07-01,1985-02-01,
380,ST. LUCIE-2,USA,PWR,CE 2LP,Operational,987,1977-06-01,1983-06-01,1983-08-01,
381,WATTS BAR-1,USA,PWR,WH 4LP,Operational,1157,1973-07-01,1996-02-01,1996-05-01,
382,WATTS BAR-2,USA,PWR,WH 4LP,Operational,1164,1973-09-01,2016-06-01,2016-10-01,
383,SUMMER-1,USA,PWR,WH 3LP,Operational,973,1973-03-01,1982-11-01,1984-01-01,
384,COLUMBIA,USA,BWR,BWR-5,Operational,1131,1972-08-01,1984-05-01,1984-12-01,
385,HARRIS-1,USA,PWR,WH 3LP,Operational,964,1978-01-01,1987-01-01,1987-05-01,
386,NINE MILE POINT-2,USA,BWR,BWR-5,Operational,1277,1975-08-01,1987-08-01,1988-03-01,
387,BEAVER VALLEY-2,USA,PWR,WH 3LP,Operational,905,1974-05-01,1987-08-01,1987-11-01,
388,CATAWBA-1,USA,PWR,WH 4LP,Operational,1160,1974-05-01,1985-01-01,1985-06-01,
389,CATAWBA-2,USA,PWR,WH 4LP,Operational,1150,1974-05-01,1986-05-01,1986-08-01,
390,GRAND GULF-1,USA,BWR,BWR-6,Operational,1401,1974-05-01,1984-10-01,1985-07-01,
391,MILLSTONE-3,USA,PWR,WH 4LP,Operational,1210,1974-08-01,1986-02-01,1986-04-01,
392,VOGTLE-1,USA,PWR,WH 4LP,Operational,1150,1976-08-01,1987-03-01,1987-06-01,
393,VOGTLE-2,USA,PWR,WH 4LP,Operational,1152,1976-08-01,1989-04-01,1989-05-01,
394,PERRY-1,USA,BWR,BWR-6,Operational,1240,1974-10-01,1986-12-01,1987-11-01,
395,SEABROOK-1,USA,PWR,WH 4LP,Operational,1246,1976-07-01,1990-05-01,1990-08-01,
396,COMANCHE PEAK-1,USA,PWR,WH 4LP,Operational,1205,1974-12-01,1990-04-01,1990-08-01,
397,COMANCHE PEAK-2,USA,PWR,WH 4LP,Operational,1195,1974-12-01,1993-04-01,1993-08-01,
398,BYRON-1,USA,PWR,WH 4LP,Operational,1164,1975-04-01,1985-03-01,1985-09-01,
399,BYRON-2,USA,PWR,WH 4LP,Operational,1136,1975-04-01,1987-02-01,1987-08-01,
400,BRAIDWOOD-1,USA,PWR,WH 4LP,Operational,1194,1975-08-01,1987-07-01,1988-07-01,
401,BRAIDWOOD-2,USA,PWR,WH 4LP,Operational,1160,1975-08-01,1988-05-01,1988-10-01,
402,RIVER BEND-1,USA,BWR,BWR-6,Operational,967,1977-03-01,1985-12-01,1986-06-01,
403,CLINTON-1,USA,BWR,BWR-6,Operational,1062,1975-10-01,1987-04-01,1987-11-01,
404,WOLF CREEK,USA,PWR,WH 4LP,Operational,1200,1977-05-01,1985-06-01,1985-09-01,
405,CALLAWAY-1,USA,PWR,WH 4LP,Operational,1215,1975-09-01,1984-10-01,1984-12-01,
406,SOUTH TEXAS-1,USA,PWR,WH 4LP,Operational,1280,1975-12-01,1988-03-01,1988-08-01,
407,SOUTH TEXAS-2,USA,PWR,WH 4LP,Operational,1280,1975-12-01,1989-04-01,1989-06-01,
408,PALO VERDE-1,USA,PWR,CE80 2LP,Operational,1311,1976-05-01,1985-06-01,1986-01-01,
409,PALO VERDE-2,USA,PWR,CE80 2LP,Operational,1314,1976-06-01,1986-05-01,1986-09-01,
410,PALO VERDE-3,USA,PWR,CE80 2LP,Operational,1312,1976-06-01,1987-11-01,1988-01-01,
411,MAANSHAN-1,"TAIWAN, CHINA",PWR,WH 3LP,Operational,936,1978-08-01,1984-05-01,1984-07-01,
412,MAANSHAN-2,"TAIWAN, CHINA",PWR,WH 3LP,Operational,938,1979-02-01,1985-02-01,1985-05-01,
413,ARMENIAN-1,ARMENIA,PWR,,Shutdown,376,1969-07-01,1976-12-01,1977-10-01,1989-02-01
414,BR-3,BELGIUM,PWR,,Shutdown,10,1957-11-01,1962-10-01,1962-10-01,1987-06-01
415,DOEL-3,BELGIUM,PWR,,Shutdown,1006,1975-01-01,1982-06-01,1982-10-01,2022-09-01
416,TIHANGE-2,BELGIUM,PWR,,Shutdown,1008,1976-04-01,1982-10-01,1983-06-01,2023-02-01
417,KOZLODUY-1,BULGARIA,PWR,,Shutdown,408,1970-04-01,1974-07-01,1974-10-01,2002-12-01
418,KOZLODUY-2,BULGARIA,PWR,,Shutdown,408,1970-04-01,1975-08-01,1975-11-01,2002-12-01
419,KOZLODUY-3,BULGARIA,PWR,,Shutdown,408,1973-10-01,1980-12-01,1981-01-01,2006-12-01
420,KOZLODUY-4,BULGARIA,PWR,,Shutdown,408,1973-10-01,1982-05-01,1982-06-01,2006-12-01
421,DOUGLAS POINT,CANADA,PHWR,,Shutdown,206,1960-02-01,1967-01-01,1968-09-01,1984-05-01
422,GENTILLY-1,CANADA,HWLWR,,Shutdown,250,1966-09-01,1971-04-01,1972-05-01,1977-06-01
423,GENTILLY-2,CANADA,PHWR,,Shutdown,635,1974-04-01,1982-12-01,1983-10-01,2012-12-01
424,PICKERING-2,CANADA,PHWR,,Shutdown,515,1966-09-01,1971-10-01,1971-12-01,2007-05-01
425,PICKERING-3,CANADA,PHWR,,Shutdown,515,1967-12-01,1972-05-01,1972-06-01,2008-10-01
426,ROLPHTON NPD,CANADA,PHWR,,Shutdown,22,1958-01-01,1962-06-01,1962-10-01,1987-08-01
427,BUGEY-1,FRANCE,GCR,,Shutdown,540,1965-12-01,1972-04-01,1972-07-01,1994-05-01
428,CHINON A-1,FRANCE,GCR,,Shutdown,70,1957-02-01,1963-06-01,1964-02-01,1973-04-01
429,CHINON A-2,FRANCE,GCR,,Shutdown,180,1959-08-01,1965-02-01,1965-02-01,1985-06-01
430,CHINON A-3,FRANCE,GCR,,Shutdown,360,1961-03-01,1966-08-01,1966-08-01,1990-06-01
431,CHOOZ-A (ARDENNES),FRANCE,PWR,,Shutdown,305,1962-01-01,1967-04-01,1967-04-01,1991-10-01
432,EL-4 (MONTS D'ARREE),FRANCE,HWGCR,,Shutdown,70,1962-07-01,1967-07-01,1968-06-01,1985-07-01
433,FESSENHEIM-1,FRANCE,PWR,,Shutdown,880,1971-09-01,1977-04-01,1978-01-01,2020-02-01
434,FESSENHEIM-2,FRANCE,PWR,,Shutdown,880,1972-02-01,1977-10-01,1978-04-01,2020-06-01
435,G-2 (MARCOULE),FRANCE,GCR,,Shutdown,39,1955-03-01,1959-04-01,1959-04-01,1980-02-01
436,G-3 (MARCOULE),FRANCE,GCR,,Shutdown,40,1956-03-01,1960-04-01,1960-04-01,1984-06-01
437,PHENIX,FRANCE,FBR,,Shutdown,130,1968-11-01,1973-12-01,1974-07-01,2010-02-01
438,ST. LAURENT A-1,FRANCE,GCR,,Shutdown,390,1963-10-01,1969-03-01,1969-06-01,1990-04-01
439,ST. LAURENT A-2,FRANCE,GCR,,Shutdown,465,1966-01-01,1971-08-01,1971-11-01,1992-05-01
440,SUPER-PHENIX,FRANCE,FBR,,Shutdown,1200,1976-12-01,1986-01-01,1986-12-01,1998-12-01
441,AVR JUELICH,GERMANY,HTGR,,Shutdown,13,1961-08-01,1967-12-01,1969-05-01,1988-12-01
442,BIBLIS-A,GERMANY,PWR,,Shutdown,1167,1970-01-01,1974-08-01,1975-02-01,2011-08-01
443,BIBLIS-B,GERMANY,PWR,,Shutdown,1240,1972-02-01,1976-04-01,1977-01-01,2011-08-01
444,BROKDORF,GERMANY,PWR,,Shutdown,1410,1976-01-01,1986-10-01,1986-12-01,2021-12-01
445,BRUNSBUETTEL,GERMANY,BWR,,Shutdown,771,1970-04-01,1976-07-01,1977-02-01,2011-08-01
446,EMSLAND,GERMANY,PWR,,Shutdown,1335,1982-08-01,1988-04-01,1988-06-01,2023-04-01
447,GRAFENRHEINFELD,GERMANY,PWR,,Shutdown,1275,1975-01-01,1981-12-01,1982-06-01,2015-06-01
448,GREIFSWALD-1,GERMANY,PWR,,Shutdown,408,1970-03-01,1973-12-01,1974-07-01,1990-12-01
449,GREIFSWALD-2,GERMANY,PWR,,Shutdown,408,1970-03-01,1974-12-01,1975-04-01,1990-02-01
450,GREIFSWALD-3,GERMANY,PWR,,Shutdown,408,1972-04-01,1977-10-01,1978-05-01,1990-02-01
451,GREIFSWALD-4,GERMANY,PWR,,Shutdown,408,1972-04-01,1979-09-01,1979-11-01,1990-06-01
452,GREIFSWALD-5,GERMANY,PWR,,Shutdown,408,1976-12-01,1989-04-01,1989-11-01,1989-11-01
453,GROHNDE,GERMANY,PWR,,Shutdown,1360,1976-06-01,1984-09-01,1985-02-01,2021-12-01
454,GUNDREMMINGEN-A,GERMANY,BWR,,Shutdown,237,1962-12-01,1966-12-01,1967-04-01,1977-01-01
455,GUNDREMMINGEN-B,GERMANY,BWR,,Shutdown,1284,1976-07-01,1984-03-01,1984-07-01,2017-12-01
456,GUNDREMMINGEN-C,GERMANY,BWR,,Shutdown,1288,1976-07-01,1984-11-01,1985-01-01,2021-12-01
457,ISAR-1,GERMANY,BWR,,Shutdown,878,1972-05-01,1977-12-01,1979-03-01,2011-08-01
458,ISAR-2,GERMANY,PWR,,Shutdown,1410,1982-09-01,1988-01-01,1988-04-01,2023-04-01
459,KNK II,GERMANY,FBR,,Shutdown,17,1974-09-01,1978-04-01,1979-03-01,1991-08-01
460,KRUEMMEL,GERMANY,BWR,,Shutdown,1346,1974-04-01,1983-09-01,1984-03-01,2011-08-01
461,LINGEN,GERMANY,BWR,,Shutdown,183,1964-10-01,1968-07-01,1968-10-01,1977-01-01
462,MUELHEIM-KAERLICH,GERMANY,PWR,,Shutdown,1219,1975-01-01,1986-03-01,1987-08-01,1988-09-01
463,MZFR,GERMANY,PHWR,,Shutdown,52,1961-12-01,1966-03-01,1966-12-01,1984-05-01
464,NECKARWESTHEIM-1,GERMANY,PWR,,Shutdown,785,1972-02-01,1976-06-01,1976-12-01,2011-08-01
465,NECKARWESTHEIM-2,GERMANY,PWR,,Shutdown,1310,1982-11-01,1989-01-01,1989-04-01,2023-04-01
466,OBRIGHEIM,GERMANY,PWR,,Shutdown,340,1965-03-01,1968-10-01,1969-03-01,2005-05-01
467,PHILIPPSBURG-1,GERMANY,BWR,,Shutdown,890,1970-10-01,1979-05-01,1980-03-01,2011-08-01
468,PHILIPPSBURG-2,GERMANY,PWR,,Shutdown,1402,1977-07-01,1984-12-01,1985-04-01,2019-12-01
469,RHEINSBERG,GERMANY,PWR,,Shutdown,62,1960-01-01,1966-05-01,1966-10-01,1990-06-01
470,STADE,GERMANY,PWR,,Shutdown,640,1967-12-01,1972-01-01,1972-05-01,2003-11-01
471,THTR-300,GERMANY,HTGR,,Shutdown,296,1971-05-01,1985-11-01,1987-06-01,1988-09-01
472,UNTERWESER,GERMANY,PWR,,Shutdown,1345,1972-07-01,1978-09-01,1979-09-01,2011-08-01
473,WUERGASSEN,GERMANY,BWR,,Shutdown,640,1968-01-01,1971-12-01,1975-11-01,1994-08-01
474,CAORSO,ITALY,BWR,,Shutdown,860,1970-01-01,1978-05-01,1981-12-01,1990-07-01
475,ENRICO FERMI,ITALY,PWR,,Shutdown,260,1961-07-01,1964-10-01,1965-01-01,1990-07-01
476,GARIGLIANO,ITALY,BWR,,Shutdown,150,1959-11-01,1964-01-01,1964-06-01,1982-03-01
477,LATINA,ITALY,GCR,,Shutdown,153,1958-11-01,1963-05-01,1964-01-01,1987-12-01
478,FUGEN ATR,JAPAN,HWLWR,,Shutdown,148,1972-05-01,1978-07-01,1979-03-01,2003-03-01
479,FUKUSHIMA-DAIICHI-1,JAPAN,BWR,,Shutdown,439,1967-07-01,1970-11-01,1971-03-01,2011-05-01
480,FUKUSHIMA-DAIICHI-2,JAPAN,BWR,,Shutdown,760,1969-06-01,1973-12-01,1974-07-01,2011-05-01
481,FUKUSHIMA-DAIICHI-3,JAPAN,BWR,,Shutdown,760,1970-12-01,1974-10-01,1976-03-01,2011-05-01
482,FUKUSHIMA-DAIICHI-4,JAPAN,BWR,,Shutdown,760,1973-02-01,1978-02-01,1978-10-01,2011-05-01
483,FUKUSHIMA-DAIICHI-5,JAPAN,BWR,,Shutdown,760,1972-05-01,1977-09-01,1978-04-01,2013-12-01
484,FUKUSHIMA-DAIICHI-6,JAPAN,BWR,,Shutdown,1067,1973-10-01,1979-05-01,1979-10-01,2013-12-01
485,FUKUSHIMA-DAINI-1,JAPAN,BWR,,Shutdown,1067,1976-03-01,1981-07-01,1982-04-01,2019-09-01
486,FUKUSHIMA-DAINI-2,JAPAN,BWR,,Shutdown,1067,1979-05-01,1983-06-01,1984-02-01,2019-09-01
487,FUKUSHIMA-DAINI-3,JAPAN,BWR,,Shutdown,1067,1981-03-01,1984-12-01,1985-06-01,2019-09-01
488,FUKUSHIMA-DAINI-4,JAPAN,BWR,,Shutdown,1067,1981-05-01,1986-12-01,1987-08-01,2019-09-01
489,GENKAI-1,JAPAN,PWR,,Shutdown,529,1971-09-01,1975-02-01,1975-10-01,2015-04-01
490,GENKAI-2,JAPAN,PWR,,Shutdown,529,1977-02-01,1980-06-01,1981-03-01,2019-04-01
491,HAMAOKA-1,JAPAN,BWR,,Shutdown,515,1971-06-01,1974-08-01,1976-03-01,2009-01-01
492,HAMAOKA-2,JAPAN,BWR,,Shutdown,806,1974-06-01,1978-05-01,1978-11-01,2009-01-01
493,IKATA-1,JAPAN,PWR,,Shutdown,538,1973-09-01,1977-02-01,1977-09-01,2016-05-01
494,IKATA-2,JAPAN,PWR,,Shutdown,538,1978-08-01,1981-08-01,1982-03-01,2018-05-01
495,JPDR,JAPAN,BWR,,Shutdown,12,1960-12-01,1963-10-01,1965-03-01,1976-03-01
496,MIHAMA-1,JAPAN,PWR,,Shutdown,320,1967-02-01,1970-08-01,1970-11-01,2015-04-01
497,MIHAMA-2,JAPAN,PWR,,Shutdown,470,1968-05-01,1972-04-01,1972-07-01,2015-04-01
498,MONJU,JAPAN,FBR,,Shutdown,246,1986-05-01,1995-08-01,,2017-12-01
499,OHI-1,JAPAN,PWR,,Shutdown,1120,1972-10-01,1977-12-01,1979-03-01,2018-03-01
500,OHI-2,JAPAN,PWR,,Shutdown,1120,1972-12-01,1978-10-01,1979-12-01,2018-03-01
501,ONAGAWA-1,JAPAN,BWR,,Shutdown,498,1980-07-01,1983-11-01,1984-06-01,2018-12-01
502,SHIMANE-1,JAPAN,BWR,,Shutdown,439,1970-07-01,1973-12-01,1974-03-01,2015-04-01
503,TOKAI-1,JAPAN,GCR,,Shutdown,137,1961-03-01,1965-11-01,1966-07-01,1998-03-01
504,TSURUGA-1,JAPAN,BWR,,Shutdown,340,1966-11-01,1969-11-01,1970-03-01,2015-04-01
505,AKTAU,KAZAKHSTAN,FBR,,Shutdown,52,1964-10-01,1973-07-01,1973-07-01,1999-04-01
506,KORI-1,"KOREA, REP. OF",PWR,,Shutdown,576,1972-08-01,1977-06-01,1978-04-01,2017-06-01
507,WOLSONG-1,"KOREA, REP. OF",PHWR,,Shutdown,661,1977-10-01,1982-12-01,1983-04-01,2019-12-01
508,IGNALINA-1,LITHUANIA,LWGR,,Shutdown,1185,1977-05-01,1983-12-01,1985-05-01,2004-12-01
509,IGNALINA-2,LITHUANIA,LWGR,,Shutdown,1185,1978-01-01,1987-08-01,1987-12-01,2009-12-01
510,DODEWAARD,NETHERLANDS,BWR,,Shutdown,55,1965-05-01,1968-10-01,1969-03-01,1997-03-01
511,KANUPP-1,PAKISTAN,PHWR,,Shutdown,90,1966-08-01,1971-10-01,1972-12-01,2021-08-01
512,APS-1 OBNINSK,RUSSIA,LWGR,,Shutdown,5,1951-01-01,1954-06-01,1954-12-01,2002-04-01
513,BELOYARSK-1,RUSSIA,LWGR,,Shutdown,102,1958-06-01,1964-04-01,1964-04-01,1983-01-01
514,BELOYARSK-2,RUSSIA,LWGR,,Shutdown,146,1962-01-01,1967-12-01,1969-12-01,1990-01-01
515,BILIBINO-1,RUSSIA,LWGR,,Shutdown,11,1970-01-01,1974-01-01,1974-04-01,2019-01-01
516,KURSK-1,RUSSIA,LWGR,,Shutdown,925,1972-06-01,1976-12-01,1977-10-01,2021-12-01
517,LENINGRAD-1,RUSSIA,LWGR,,Shutdown,925,1970-03-01,1973-12-01,1974-11-01,2018-12-01
518,LENINGRAD-2,RUSSIA,LWGR,,Shutdown,925,1970-06-01,1975-07-01,1976-02-01,2020-11-01
519,NOVOVORONEZH-1,RUSSIA,PWR,,Shutdown,197,1957-07-01,1964-09-01,1964-12-01,1988-02-01
520,NOVOVORONEZH-2,RUSSIA,PWR,,Shutdown,336,1964-06-01,1969-12-01,1970-04-01,1990-08-01
521,NOVOVORONEZH-3,RUSSIA,PWR,,Shutdown,385,1967-07-01,1971-12-01,1972-06-01,2016-12-01
522,BOHUNICE A1,SLOVAKIA,HWGCR,,Shutdown,93,1958-08-01,1972-12-01,1972-12-01,1977-02-01
523,BOHUNICE-1,SLOVAKIA,PWR,,Shutdown,408,1972-04-01,1978-12-01,1980-04-01,2006-12-01
524,BOHUNICE-2,SLOVAKIA,PWR,,Shutdown,408,1972-04-01,1980-03-01,1981-01-01,2008-12-01
525,JOSE CABRERA-1,SPAIN,PWR,,Shutdown,141,1964-06-01,1968-07-01,1969-08-01,2006-04-01
526,SANTA MARIA DE GARONA,SPAIN,BWR,,Shutdown,446,1966-09-01,1971-03-01,1971-05-01,2017-08-01
527,VANDELLOS-1,SPAIN,GCR,,Shutdown,480,1968-06-01,1972-05-01,1972-08-01,1990-07-01
528,AGESTA,SWEDEN,PHWR,,Shutdown,10,1957-12-01,1964-05-01,1964-05-01,1974-06-01
529,BARSEBACK-1,SWEDEN,BWR,,Shutdown,600,1971-02-01,1975-05-01,1975-07-01,1999-11-01
530,BARSEBACK-2,SWEDEN,BWR,,Shutdown,600,1973-01-01,1977-03-01,1977-07-01,2005-05-01
531,OSKARSHAMN-1,SWEDEN,BWR,,Shutdown,473,1966-08-01,1971-08-01,1972-02-01,2017-06-01
532,OSKARSHAMN-2,SWEDEN,BWR,,Shutdown,638,1969-09-01,1974-10-01,1975-01-01,2016-12-01
533,RINGHALS-1,SWEDEN,BWR,,Shutdown,881,1969-02-01,1974-10-01,1976-01-01,2020-12-01
534,RINGHALS-2,SWEDEN,PWR,,Shutdown,852,1970-10-01,1974-08-01,1975-05-01,2019-12-01
535,LUCENS,SWITZERLAND,HWGCR,,Shutdown,6,1962-04-01,1968-01-01,,1969-01-01
536,MUEHLEBERG,SWITZERLAND,BWR,,Shutdown,373,1967-03-01,1971-07-01,1972-11-01,2019-12-01
537,BERKELEY-1,UK,GCR,,Shutdown,138,1957-01-01,1962-06-01,1962-06-01,1989-03-01
538,BERKELEY-2,UK,GCR,,Shutdown,138,1957-01-01,1962-06-01,1962-10-01,1988-10-01
539,BRADWELL-1,UK,GCR,,Shutdown,123,1957-01-01,1962-07-01,1962-07-01,2002-03-01
540,BRADWELL-2,UK,GCR,,Shutdown,123,1957-01-01,1962-07-01,1962-11-01,2002-03-01
541,CALDER HALL-1,UK,GCR,,Shutdown,49,1953-08-01,1956-08-01,1956-10-01,2003-03-01
542,CALDER HALL-2,UK,GCR,,Shutdown,49,1953-08-01,1957-02-01,1957-02-01,2003-03-01
543,CALDER HALL-3,UK,GCR,,Shutdown,49,1955-08-01,1958-03-01,1958-05-01,2003-03-01
544,CALDER HALL-4,UK,GCR,,Shutdown,49,1955-08-01,1959-04-01,1959-04-01,2003-03-01
545,CHAPELCROSS-1,UK,GCR,,Shutdown,48,1955-10-01,1959-02-01,1959-03-01,2004-06-01
546,CHAPELCROSS-2,UK,GCR,,Shutdown,48,1955-10-01,1959-07-01,1959-08-01,2004-06-01
547,CHAPELCROSS-3,UK,GCR,,Shutdown,48,1955-10-01,1959-11-01,1959-12-01,2004-06-01
548,CHAPELCROSS-4,UK,GCR,,Shutdown,48,1955-10-01,1960-01-01,1960-03-01,2004-06-01
549,DOUNREAY DFR,UK,FBR,,Shutdown,11,1955-03-01,1962-10-01,1962-10-01,1977-03-01
550,DOUNREAY PFR,UK,FBR,,Shutdown,234,1966-01-01,1975-01-01,1976-07-01,1994-03-01
551,DUNGENESS A-1,UK,GCR,,Shutdown,225,1960-07-01,1965-09-01,1965-10-01,2006-12-01
552,DUNGENESS A-2,UK,GCR,,Shutdown,225,1960-07-01,1965-11-01,1965-12-01,2006-12-01
553,DUNGENESS B-1,UK,GCR,,Shutdown,545,1965-10-01,1983-04-01,1985-04-01,2021-06-01
554,DUNGENESS B-2,UK,GCR,,Shutdown,545,1965-10-01,1985-12-01,1989-04-01,2021-06-01
555,HINKLEY POINT A-1,UK,GCR,,Shutdown,235,1957-11-01,1965-02-01,1965-03-01,2000-05-01
556,HINKLEY POINT A-2,UK,GCR,,Shutdown,235,1957-11-01,1965-03-01,1965-05-01,2000-05-01
557,HINKLEY POINT B-1,UK,GCR,,Shutdown,485,1967-09-01,1976-10-01,1978-10-01,2022-08-01
558,HINKLEY POINT B-2,UK,GCR,,Shutdown,480,1967-09-01,1976-02-01,1976-09-01,2022-07-01
559,HUNTERSTON A-1,UK,GCR,,Shutdown,150,1957-10-01,1964-02-01,1964-02-01,1990-03-01
560,HUNTERSTON A-2,UK,GCR,,Shutdown,150,1957-10-01,1964-06-01,1964-07-01,1989-12-01
561,HUNTERSTON B-1,UK,GCR,,Shutdown,490,1967-11-01,1976-02-01,1976-02-01,2021-11-01
562,HUNTERSTON B-2,UK,GCR,,Shutdown,495,1967-11-01,1977-03-01,1977-04-01,2022-01-01
563,OLDBURY A-1,UK,GCR,,Shutdown,217,1962-05-01,1967-11-01,1967-12-01,2012-02-01
564,OLDBURY A-2,UK,GCR,,Shutdown,217,1962-05-01,1968-04-01,1968-09-01,2011-06-01
565,SIZEWELL A-1,UK,GCR,,Shutdown,210,1961-04-01,1966-01-01,1966-03-01,2006-12-01
566,SIZEWELL A-2,UK,GCR,,Shutdown,210,1961-04-01,1966-04-01,1966-09-01,2006-12-01
567,TRAWSFYNYDD-1,UK,GCR,,Shutdown,195,1959-07-01,1965-01-01,1965-03-01,1991-02-01
568,TRAWSFYNYDD-2,UK,GCR,,Shutdown,195,1959-07-01,1965-02-01,1965-03-01,1991-02-01
569,WINDSCALE AGR,UK,GCR,,Shutdown,24,1958-11-01,1963-02-01,1963-03-01,1981-04-01
570,WINFRITH SGHWR,UK,SGHWR,,Shutdown,92,1963-05-01,1967-12-01,1968-01-01,1990-09-01
571,WYLFA-1,UK,GCR,,Shutdown,490,1963-09-01,1971-01-01,1971-11-01,2015-12-01
572,WYLFA-2,UK,GCR,,Shutdown,490,1963-09-01,1971-07-01,1972-01-01,2012-04-01
573,CHERNOBYL-1,UKRAINE,LWGR,,Shutdown,740,1970-03-01,1977-09-01,1978-05-01,1996-11-01
574,CHERNOBYL-2,UKRAINE,LWGR,,Shutdown,925,1973-02-01,1978-12-01,1979-05-01,1991-10-01
575,CHERNOBYL-3,UKRAINE,LWGR,,Shutdown,925,1976-03-01,1981-12-01,1982-06-01,2000-12-01
576,CHERNOBYL-4,UKRAINE,LWGR,,Shutdown,925,1979-04-01,1983-12-01,1984-03-01,1986-04-01
577,BIG ROCK POINT,USA,BWR,,Shutdown,67,1960-05-01,1962-12-01,1963-03-01,1997-08-01
578,BONUS,USA,BWR,,Shutdown,17,1960-01-01,1964-08-01,1965-09-01,1968-06-01
579,CRYSTAL RIVER-3,USA,PWR,,Shutdown,860,1968-09-01,1977-01-01,1977-03-01,2013-02-01
580,CVTR,USA,PHWR,,Shutdown,17,1960-01-01,1963-12-01,1963-12-01,1967-01-01
581,DRESDEN-1,USA,BWR,,Shutdown,197,1956-05-01,1960-04-01,1960-07-01,1978-10-01
582,DUANE ARNOLD-1,USA,BWR,,Shutdown,601,1970-06-01,1974-05-01,1975-02-01,2020-10-01
583,ELK RIVER,USA,BWR,,Shutdown,22,1959-01-01,1963-08-01,1964-07-01,1968-02-01
584,FERMI-1,USA,FBR,,Shutdown,61,1956-08-01,1966-08-01,1966-08-01,1972-11-01
585,FORT CALHOUN-1,USA,PWR,,Shutdown,482,1968-06-01,1973-08-01,1973-09-01,2016-10-01
586,FORT ST. VRAIN,USA,HTGR,,Shutdown,330,1968-09-01,1976-12-01,1979-07-01,1989-08-01
587,GE VALLECITOS,USA,BWR,,Shutdown,24,1956-01-01,1957-10-01,1957-10-01,1963-12-01
588,HADDAM NECK,USA,PWR,,Shutdown,560,1964-05-01,1967-08-01,1968-01-01,1996-12-01
589,HALLAM,USA,X,,Shutdown,75,1959-01-01,1963-09-01,1963-11-01,1964-09-01
590,HUMBOLDT BAY,USA,BWR,,Shutdown,63,1960-11-01,1963-04-01,1963-08-01,1976-07-01
591,INDIAN POINT-1,USA,PWR,,Shutdown,257,1956-05-01,1962-09-01,1962-10-01,1974-10-01
592,INDIAN POINT-2,USA,PWR,,Shutdown,998,1966-10-01,1973-06-01,1974-08-01,2020-04-01
593,INDIAN POINT-3,USA,PWR,,Shutdown,1030,1968-10-01,1976-04-01,1976-08-01,2021-04-01
594,KEWAUNEE,USA,PWR,,Shutdown,566,1968-08-01,1974-04-01,1974-06-01,2013-05-01
595,LACROSSE,USA,BWR,,Shutdown,48,1963-03-01,1968-04-01,1969-11-01,1987-04-01
596,MAINE YANKEE,USA,PWR,,Shutdown,860,1968-10-01,1972-11-01,1972-12-01,1997-08-01
597,MILLSTONE-1,USA,BWR,,Shutdown,641,1966-05-01,1970-11-01,1971-03-01,1998-07-01
598,OYSTER CREEK,USA,BWR,,Shutdown,619,1964-12-01,1969-09-01,1969-12-01,2018-09-01
599,PALISADES,USA,PWR,,Shutdown,805,1967-03-01,1971-12-01,,2022-05-01
600,PATHFINDER,USA,BWR,,Shutdown,59,1959-01-01,1966-07-01,1966-08-01,1967-10-01
601,PEACH BOTTOM-1,USA,HTGR,,Shutdown,40,1962-02-01,1967-01-01,1967-06-01,1974-11-01
602,PILGRIM-1,USA,BWR,,Shutdown,677,1968-08-01,1972-07-01,1972-12-01,2019-05-01
603,PIQUA,USA,X,,Shutdown,12,1960-01-01,1963-07-01,1963-11-01,1966-01-01
604,RANCHO SECO-1,USA,PWR,,Shutdown,873,1969-04-01,1974-10-01,1975-04-01,1989-06-01
605,SAN ONOFRE-1,USA,PWR,,Shutdown,436,1964-05-01,1967-07-01,1968-01-01,1992-11-01
606,SAN ONOFRE-2,USA,PWR,,Shutdown,1070,1974-03-01,1982-09-01,1983-08-01,2013-06-01
607,SAN ONOFRE-3,USA,PWR,,Shutdown,1080,1974-03-01,1983-09-01,1984-04-01,2013-06-01
608,SAXTON,USA,PWR,,Shutdown,3,1960-01-01,1967-03-01,,1972-05-01
609,SHIPPINGPORT,USA,PWR,,Shutdown,60,1954-01-01,1957-12-01,1958-05-01,1982-10-01
610,SHOREHAM,USA,BWR,,Shutdown,820,1972-11-01,1986-08-01,,1989-06-01
611,THREE MILE ISLAND-1,USA,PWR,,Shutdown,819,1968-05-01,1974-06-01,1974-09-01,2019-09-01
612,THREE MILE ISLAND-2,USA,PWR,,Shutdown,880,1969-11-01,1978-04-01,1978-12-01,1979-03-01
613,TROJAN,USA,PWR,,Shutdown,1095,1970-02-01,1975-12-01,1976-05-01,1992-11-01
614,VERMONT YANKEE,USA,BWR,,Shutdown,605,1967-12-01,1972-09-01,1972-11-01,2014-12-01
615,YANKEE NPS,USA,PWR,,Shutdown,167,1957-11-01,1960-11-01,1961-07-01,1991-10-01
616,ZION-1,USA,PWR,,Shutdown,1040,1968-12-01,1973-06-01,1973-12-01,1998-02-01
617,ZION-2,USA,PWR,,Shutdown,1040,1968-12-01,1973-12-01,1974-09-01,1998-02-01
618,CHINSHAN-1,"TAIWAN, CHINA",BWR,,Shutdown,604,1972-06-01,1977-11-01,1978-12-01,2018-12-01
619,CHINSHAN-2,"TAIWAN, CHINA",BWR,,Shutdown,604,1973-12-01,1978-12-01,1979-07-01,2019-07-01
620,KUOSHENG-1,"TAIWAN, CHINA",BWR,,Shutdown,985,1975-11-01,1981-05-01,1981-12-01,2021-12-01
621,KUOSHENG-2,"TAIWAN, CHINA",BWR,,Shutdown,985,1976-03-01,1982-06-01,1983-03-01,2023-03-01
